timestamp,doughcon_level,overall_index,smoothed_index
2026-06-09T04:08:17Z,3,30.0000,29.5000
2026-06-09T04:08:26Z,3,30.0000,29.5000
2026-06-09T04:08:29Z,3,30.0000,29.5000
2026-06-09T04:43:09Z,3,39.0000,38.5400
2026-06-09T04:43:14Z,3,39.0000,38.5400
2026-06-09T04:44:19Z,3,39.0000,38.5400
2026-06-09T05:07:53Z,3,25.0000,25.0500
2026-06-09T07:02:30Z,3,21.0000,21.2300
2026-06-09T07:41:24Z,3,21.0000,21.2300
2026-06-09T10:48:56Z,5,6.0000,5.8300
2026-06-09T14:02:21Z,5,1.0000,1.0400
2026-06-09T14:17:41Z,5,1.0000,1.0400
2026-06-09T16:38:48Z,5,0.0000,0.4400
2026-06-09T19:26:23Z,2,33.0000,32.9500
2026-06-09T21:21:22Z,2,24.0000,23.7400
2026-06-09T23:03:49Z,4,10.0000,10.0300
2026-06-10T00:22:44Z,3,22.0000,21.7700
2026-06-10T05:04:18Z,3,21.0000,21.1000
2026-06-10T09:00:13Z,5,8.0000,7.5400
2026-06-10T12:34:36Z,5,2.0000,2.0700
2026-06-10T16:25:00Z,3,25.0000,24.5000
2026-06-10T19:17:28Z,3,24.0000,23.8500
2026-06-10T21:40:22Z,3,29.0000,29.3900
2026-06-10T23:44:27Z,1,36.0000,36.4600
2026-06-11T04:55:05Z,3,33.0000,33.3700
2026-06-11T09:18:55Z,5,8.0000,7.6400
2026-06-11T13:04:15Z,5,1.0000,1.3600
2026-06-11T17:00:19Z,4,13.0000,13.4900
2026-06-11T19:41:03Z,2,39.0000,38.8600
2026-06-11T22:10:02Z,2,32.0000,31.7300
2026-06-12T00:07:26Z,3,28.0000,28.0300
2026-06-12T05:18:39Z,3,28.0000,28.1100
2026-06-12T09:46:14Z,5,5.0000,5.0200
2026-06-12T13:37:53Z,5,1.0000,0.9000
2026-06-12T16:54:15Z,5,12.0000,12.4800
2026-06-12T19:19:38Z,3,30.0000,29.7100
2026-06-12T21:17:56Z,1,35.0000,35.4300
2026-06-12T23:02:12Z,2,23.0000,22.9700
2026-06-13T00:24:56Z,1,31.0000,31.1000
2026-06-13T05:08:10Z,5,13.0000,13.3300
2026-06-13T08:39:24Z,5,7.0000,6.7700
2026-06-13T11:23:24Z,5,2.0000,1.8600
2026-06-13T13:10:19Z,5,1.0000,0.7900
2026-06-13T15:19:36Z,5,0.0000,0.3300
2026-06-13T17:00:24Z,5,0.0000,0.1400
2026-06-13T18:20:26Z,5,10.0000,10.2100
2026-06-13T20:05:42Z,4,14.0000,13.8500
2026-06-13T21:36:00Z,2,27.0000,26.6100
2026-06-13T22:43:45Z,3,17.0000,17.3000
2026-06-14T00:18:28Z,3,22.0000,22.3500
2026-06-14T05:18:39Z,4,20.0000,20.0100
2026-06-14T08:54:42Z,4,14.0000,14.4100
2026-06-14T11:35:32Z,5,4.0000,3.9600
2026-06-14T13:17:54Z,5,2.0000,1.6700
2026-06-14T15:27:38Z,5,10.0000,9.6000
2026-06-14T17:00:08Z,4,12.0000,12.1700
2026-06-14T18:20:48Z,4,16.0000,16.0900
2026-06-14T20:09:08Z,4,9.0000,9.0800
2026-06-14T21:53:52Z,2,37.0000,37.4500
2026-06-14T23:22:17Z,1,40.0000,40.1200
2026-06-15T02:02:41Z,2,31.0000,30.7000
2026-06-15T07:32:36Z,5,10.0000,10.4200
2026-06-15T13:35:22Z,5,1.0000,0.7900
2026-06-15T18:13:56Z,4,9.0000,8.9100
2026-06-15T21:35:12Z,4,12.0000,12.2500
2026-06-15T23:22:48Z,4,13.0000,12.9600
2026-06-16T02:11:22Z,4,12.0000,12.0800
2026-06-16T08:33:01Z,5,5.0000,4.6300
2026-06-16T13:16:40Z,5,1.0000,0.5400
2026-06-16T18:18:51Z,3,28.0000,27.7600
2026-06-16T21:33:21Z,3,27.0000,27.0700
2026-06-16T23:07:46Z,5,11.0000,11.4400
2026-06-17T02:04:39Z,4,17.0000,17.3900
2026-06-17T07:25:24Z,3,23.0000,23.1400
2026-06-17T12:06:12Z,5,3.0000,2.6800
2026-06-17T16:00:54Z,5,6.0000,6.1500
2026-06-17T18:29:29Z,4,16.0000,15.8300
2026-06-17T20:36:47Z,4,9.0000,8.9700
2026-06-17T22:24:46Z,3,24.0000,23.9100
2026-06-18T00:01:11Z,3,19.0000,19.3900
2026-06-18T04:56:23Z,3,22.0000,22.3300
2026-06-18T09:23:26Z,5,3.0000,2.5900
2026-06-18T12:42:07Z,5,1.0000,0.7100
2026-06-18T16:40:22Z,5,0.0000,0.1300
2026-06-18T19:34:52Z,4,20.0000,19.9600
2026-06-18T21:35:40Z,3,22.0000,21.8900
2026-06-18T23:23:06Z,1,31.0000,31.4000
2026-06-19T02:20:43Z,3,38.0000,38.2600
2026-06-19T08:17:00Z,5,6.0000,5.8400
2026-06-19T12:34:02Z,5,1.0000,1.0400
2026-06-19T15:51:39Z,5,0.0000,0.2900
2026-06-19T18:04:48Z,4,12.0000,11.8600
2026-06-19T20:01:26Z,5,6.0000,6.1100
2026-06-19T21:17:53Z,3,25.0000,24.8600
2026-06-19T22:32:36Z,3,25.0000,24.5000
2026-06-19T23:43:39Z,3,26.0000,25.8300
2026-06-20T04:36:29Z,1,48.0000,48.2500
2026-06-20T08:04:57Z,4,14.0000,14.4100
2026-06-20T10:39:48Z,5,6.0000,6.0900
2026-06-20T12:57:12Z,5,3.0000,2.5700
2026-06-20T15:08:03Z,5,1.0000,0.7100
2026-06-20T17:06:41Z,5,4.0000,4.3400
2026-06-20T18:44:10Z,4,18.0000,17.5700
2026-06-20T20:23:41Z,3,22.0000,21.5800
2026-06-20T21:50:37Z,3,27.0000,27.3800
2026-06-20T23:20:59Z,1,41.0000,40.8500
2026-06-21T02:01:21Z,4,16.0000,16.2400
2026-06-21T07:01:16Z,4,16.0000,16.0500
2026-06-21T10:39:25Z,5,8.0000,8.1800
2026-06-21T13:16:22Z,5,2.0000,2.2500
2026-06-21T15:29:37Z,3,23.0000,22.6600
2026-06-21T17:09:23Z,5,10.0000,9.5700
2026-06-21T19:04:17Z,4,15.0000,14.7200
2026-06-21T20:44:54Z,3,18.0000,17.7500
2026-06-21T22:21:23Z,3,30.0000,30.1400
2026-06-21T23:53:18Z,4,20.0000,19.5900
2026-06-22T05:24:33Z,5,9.0000,9.3900
2026-06-22T11:17:47Z,5,1.0000,0.7100
2026-06-22T16:14:50Z,4,17.0000,16.8000
2026-06-22T19:56:03Z,4,15.0000,14.9200
2026-06-22T22:11:51Z,4,18.0000,17.6600
2026-06-22T23:52:49Z,1,40.0000,39.7200
2026-06-23T04:16:22Z,3,28.0000,28.2500
2026-06-23T08:05:33Z,5,14.0000,13.5300
2026-06-23T11:28:19Z,5,4.0000,3.7200
2026-06-23T14:02:22Z,5,1.0000,1.0200
2026-06-23T16:34:11Z,5,5.0000,5.3600
2026-06-23T18:26:54Z,4,19.0000,18.9700
2026-06-23T20:36:48Z,4,20.0000,20.2200
2026-06-23T22:03:04Z,4,13.0000,12.8100
2026-06-23T23:17:53Z,4,13.0000,13.0500
2026-06-24T01:28:05Z,4,19.0000,18.7200
2026-06-24T05:46:49Z,5,11.0000,10.6400
2026-06-24T09:48:25Z,5,6.0000,5.6700
2026-06-24T12:26:31Z,5,2.0000,1.5600
2026-06-24T15:21:08Z,5,0.0000,0.4300
2026-06-24T17:29:12Z,5,10.0000,9.9600
2026-06-24T19:15:34Z,3,23.0000,23.2300
2026-06-24T21:11:44Z,1,31.0000,31.2600
2026-06-24T22:49:44Z,1,33.0000,33.4400
2026-06-25T00:20:04Z,1,32.0000,32.0500
2026-06-25T04:48:11Z,3,25.0000,24.8100
2026-06-25T08:29:42Z,5,10.0000,10.2300
2026-06-25T11:17:22Z,5,3.0000,2.8100
2026-06-25T13:38:02Z,5,1.0000,1.1900
2026-06-25T16:32:51Z,4,19.0000,19.3500
2026-06-25T18:35:06Z,3,26.0000,26.2600
2026-06-25T20:34:41Z,3,36.0000,35.8000
2026-06-25T22:08:35Z,3,27.0000,26.6000
2026-06-25T23:55:08Z,2,34.0000,34.4300
2026-06-26T04:35:45Z,2,47.0000,47.3500
2026-06-26T08:17:52Z,5,13.0000,13.1700
2026-06-26T11:28:04Z,5,4.0000,3.6200
2026-06-26T13:34:24Z,5,2.0000,1.5300
2026-06-26T15:57:51Z,4,22.0000,21.7400
2026-06-26T18:00:39Z,4,17.0000,16.6100
2026-06-26T20:04:18Z,3,21.0000,21.4500
2026-06-26T21:37:54Z,3,23.0000,23.4200
2026-06-26T23:18:21Z,3,22.0000,22.2700
2026-06-27T01:30:26Z,4,20.0000,20.0500
2026-06-27T05:33:39Z,3,36.0000,36.0500
2026-06-27T08:12:29Z,4,19.0000,18.8200
2026-06-27T10:34:18Z,5,8.0000,7.9500
2026-06-27T12:00:01Z,5,3.0000,3.3600
2026-06-27T14:02:46Z,5,1.0000,1.4200
2026-06-27T15:23:14Z,5,13.0000,12.6800
2026-06-27T16:42:08Z,4,23.0000,22.7800
2026-06-27T18:14:32Z,2,37.0000,37.4500
2026-06-27T19:54:29Z,3,24.0000,24.3400
2026-06-27T21:16:01Z,4,18.0000,18.3800
2026-06-27T22:39:40Z,4,16.0000,15.7400
2026-06-28T00:12:14Z,4,12.0000,11.8900
2026-06-28T05:06:08Z,5,8.0000,8.2000
2026-06-28T08:27:28Z,4,13.0000,13.3200
2026-06-28T10:52:53Z,5,6.0000,5.6300
2026-06-28T12:19:42Z,5,2.0000,2.3800
2026-06-28T14:25:20Z,5,8.0000,7.9700
2026-06-28T15:53:45Z,5,5.0000,5.1800
2026-06-28T17:22:54Z,4,19.0000,18.8600
2026-06-28T18:47:21Z,4,12.0000,12.2600
2026-06-28T20:20:25Z,3,23.0000,22.7200
2026-06-28T21:42:34Z,3,32.0000,32.3900
2026-06-28T23:14:47Z,1,39.0000,38.6600
2026-06-29T01:38:38Z,3,30.0000,30.3500
2026-06-29T07:01:26Z,5,5.0000,4.8100
2026-06-29T12:10:26Z,5,1.0000,0.5600
2026-06-29T16:26:21Z,5,0.0000,0.1000
2026-06-29T18:31:28Z,4,22.0000,21.8900
2026-06-29T20:29:20Z,4,16.0000,16.2000
2026-06-29T21:55:49Z,4,20.0000,19.8100
2026-06-29T23:11:06Z,4,17.0000,16.8200
2026-06-30T01:33:41Z,4,20.0000,19.6000
2026-06-30T05:51:40Z,4,10.0000,9.7400
2026-06-30T09:57:07Z,5,2.0000,1.7400
2026-06-30T12:20:38Z,5,0.0000,0.4800
2026-06-30T15:16:04Z,5,9.0000,9.1700
2026-06-30T17:26:28Z,4,10.0000,10.4200
2026-06-30T19:23:17Z,4,13.0000,12.5500
2026-06-30T21:17:32Z,4,12.0000,11.6900
2026-06-30T22:53:17Z,4,15.0000,14.6700
2026-07-01T00:17:32Z,3,24.0000,23.5200
2026-07-01T05:09:03Z,4,14.0000,13.8800
2026-07-01T09:00:03Z,5,6.0000,6.2500
2026-07-01T12:15:21Z,5,2.0000,1.7200
2026-07-01T15:22:30Z,5,10.0000,9.6000
2026-07-01T17:31:40Z,3,27.0000,26.7600
2026-07-01T19:21:51Z,3,31.0000,30.7900
2026-07-01T21:10:36Z,3,24.0000,23.5500
2026-07-01T22:49:53Z,2,36.0000,35.9600
2026-07-02T00:17:52Z,3,32.0000,31.8300
2026-07-02T04:43:59Z,3,29.0000,28.9200
2026-07-02T08:20:31Z,5,9.0000,8.9300
2026-07-02T11:13:40Z,5,2.0000,2.4500
2026-07-02T13:20:22Z,5,1.0000,1.0400
2026-07-02T15:54:29Z,4,15.0000,15.4200
2026-07-02T17:59:34Z,3,26.0000,26.3700
2026-07-02T19:45:27Z,2,30.0000,30.0900
2026-07-02T21:19:32Z,2,27.0000,27.1300
2026-07-02T22:41:45Z,1,30.0000,30.0700
2026-07-03T00:16:27Z,2,33.0000,33.0500
2026-07-03T04:28:37Z,3,32.0000,32.0500
2026-07-03T07:48:38Z,4,16.0000,16.0700
2026-07-03T10:47:25Z,5,4.0000,4.4100
2026-07-03T13:03:38Z,5,1.0000,1.2100
2026-07-03T15:21:34Z,5,7.0000,6.8000
2026-07-03T16:59:53Z,4,21.0000,21.2800
2026-07-03T18:21:09Z,2,29.0000,28.6000
2026-07-03T20:00:39Z,3,19.0000,18.9900
2026-07-03T21:19:21Z,3,22.0000,21.6900
2026-07-03T22:38:14Z,3,22.0000,21.8500
2026-07-04T00:14:52Z,4,15.0000,15.0800
2026-07-04T04:22:27Z,3,33.0000,32.7500
2026-07-04T07:25:37Z,4,17.0000,16.8000
2026-07-04T09:39:55Z,5,7.0000,7.1000
2026-07-04T11:42:08Z,5,3.0000,3.0000
2026-07-04T13:53:55Z,5,1.0000,1.2700
2026-07-04T15:16:55Z,4,14.0000,14.2200
2026-07-04T16:35:13Z,4,9.0000,9.2400
2026-07-04T17:39:39Z,4,12.0000,12.1400
2026-07-04T19:33:23Z,4,17.0000,17.0000
2026-07-04T20:32:10Z,4,11.0000,11.0500
2026-07-04T21:32:47Z,4,10.0000,9.7300
2026-07-04T22:34:08Z,4,6.0000,6.3200
2026-07-04T23:39:29Z,4,6.0000,5.5300
2026-07-05T04:15:52Z,4,20.0000,19.5200
2026-07-05T07:45:02Z,3,23.0000,22.8100
2026-07-05T10:25:20Z,5,6.0000,6.2600
2026-07-05T11:58:26Z,5,4.0000,4.0700
2026-07-05T14:01:29Z,5,1.0000,1.1200
2026-07-05T15:22:19Z,5,10.0000,9.7700
2026-07-05T16:37:37Z,4,22.0000,21.6800
2026-07-05T18:12:06Z,4,15.0000,15.4200
2026-07-05T19:53:37Z,3,27.0000,26.7200
2026-07-05T21:14:36Z,4,18.0000,17.7600
2026-07-05T22:34:44Z,4,12.0000,11.5400
2026-07-05T23:40:36Z,4,16.0000,16.3600
2026-07-06T04:23:30Z,5,12.0000,11.7500
2026-07-06T08:47:59Z,5,2.0000,2.1000
2026-07-06T12:56:25Z,5,0.0000,0.3700
2026-07-06T16:27:09Z,4,21.0000,20.8600
2026-07-06T18:28:08Z,4,18.0000,17.9100
2026-07-06T20:30:22Z,2,31.0000,31.4200
2026-07-06T21:59:54Z,3,27.0000,26.8100
2026-07-06T23:18:56Z,3,25.0000,25.0800
2026-07-07T01:19:42Z,3,33.0000,32.9900
2026-07-07T05:48:37Z,3,31.0000,30.6600
2026-07-07T09:57:36Z,5,8.0000,7.9400
2026-07-07T12:35:19Z,5,2.0000,2.1800
2026-07-07T15:33:08Z,5,9.0000,9.1500
2026-07-07T17:34:41Z,4,20.0000,19.7100
2026-07-07T19:24:00Z,3,22.0000,22.3900
2026-07-07T21:09:01Z,4,16.0000,15.8400
2026-07-07T22:40:45Z,4,21.0000,20.5000
2026-07-08T00:08:39Z,4,16.0000,15.7700
2026-07-08T03:56:59Z,2,38.0000,37.8000
2026-07-08T06:35:53Z,5,10.0000,10.3800
2026-07-08T09:10:44Z,5,3.0000,2.8500
2026-07-08T11:25:36Z,5,1.0000,1.2000
2026-07-08T13:12:14Z,5,1.0000,0.5100
2026-07-08T15:52:10Z,5,10.0000,10.3400
2026-07-08T17:48:36Z,4,23.0000,23.0800
2026-07-08T19:49:04Z,3,30.0000,29.9400
2026-07-08T21:19:44Z,3,26.0000,25.5600
2026-07-08T22:37:36Z,3,31.0000,31.0300
2026-07-09T00:18:29Z,3,28.0000,27.6000
2026-07-09T04:34:56Z,4,19.0000,18.5800
2026-07-09T08:04:41Z,5,7.0000,7.0900
2026-07-09T11:16:01Z,5,2.0000,1.9500
2026-07-09T14:10:15Z,5,1.0000,0.5300
2026-07-09T17:03:11Z,4,12.0000,11.8000
2026-07-09T18:57:34Z,3,32.0000,31.8100
2026-07-09T20:53:50Z,3,24.0000,23.5600
2026-07-09T22:40:35Z,3,25.0000,25.2300
2026-07-10T00:14:50Z,3,30.0000,29.6100
2026-07-10T04:36:38Z,3,30.0000,30.4100
2026-07-10T08:02:05Z,5,10.0000,10.1500
2026-07-10T11:15:15Z,5,3.0000,2.7900
2026-07-10T13:30:18Z,5,1.0000,1.1800
2026-07-10T15:59:56Z,5,6.0000,5.8800
2026-07-10T17:55:56Z,5,2.0000,2.4900
2026-07-10T19:47:03Z,4,15.0000,15.3600
2026-07-10T21:15:27Z,4,16.0000,15.7800
2026-07-10T22:35:18Z,3,21.0000,21.0200
2026-07-10T23:35:01Z,4,14.0000,13.6600
2026-07-11T01:04:19Z,4,16.0000,16.3500
2026-07-11T04:23:37Z,3,28.0000,28.1300
2026-07-11T06:39:06Z,4,21.0000,20.8000
2026-07-11T08:55:50Z,4,18.0000,17.7100
2026-07-11T10:22:39Z,5,7.0000,7.4800
2026-07-11T11:33:42Z,5,5.0000,4.8600
2026-07-11T12:35:12Z,5,3.0000,3.1600
2026-07-11T14:06:49Z,5,1.0000,1.3400
2026-07-11T15:12:39Z,4,21.0000,20.9000
2026-07-11T16:29:35Z,3,28.0000,28.1200
2026-07-11T17:35:29Z,2,36.0000,35.6500
2026-07-11T18:31:28Z,1,37.0000,37.0700
2026-07-11T19:46:47Z,1,42.0000,42.1100
2026-07-11T21:00:50Z,3,18.0000,17.7900
2026-07-11T21:59:49Z,3,26.0000,25.8800
2026-07-11T23:02:22Z,3,23.0000,22.6100
2026-07-12T00:05:00Z,4,19.0000,18.6900
2026-07-12T03:50:41Z,3,26.0000,25.7500
2026-07-12T06:43:23Z,4,17.0000,17.1000
2026-07-12T09:09:49Z,5,5.0000,4.7000
2026-07-12T10:57:27Z,5,3.0000,3.0500
2026-07-12T12:05:35Z,5,1.0000,1.2900
2026-07-12T13:51:01Z,5,1.0000,0.8400
2026-07-12T15:08:10Z,5,5.0000,5.4800
2026-07-12T16:31:17Z,5,9.0000,8.9200
2026-07-12T17:38:05Z,5,12.0000,11.6600
2026-07-12T19:19:04Z,4,15.0000,15.2200
2026-07-12T20:23:29Z,4,13.0000,13.4700
2026-07-12T21:27:25Z,4,20.0000,19.7800
2026-07-12T22:27:29Z,4,13.0000,12.8600
2026-07-12T23:32:03Z,5,8.0000,8.3600
2026-07-13T01:11:20Z,3,26.0000,26.0600
2026-07-13T05:04:43Z,3,23.0000,23.1900
2026-07-13T08:26:26Z,5,8.0000,7.5800
2026-07-13T11:40:32Z,5,2.0000,2.0800
2026-07-13T14:54:46Z,5,10.0000,10.2500
2026-07-13T17:20:31Z,4,19.0000,18.8500
2026-07-13T19:00:09Z,4,10.0000,10.2200
2026-07-13T20:21:32Z,4,20.0000,20.4400
2026-07-13T21:30:57Z,3,21.0000,21.0200
2026-07-13T22:32:01Z,4,14.0000,13.6700
2026-07-13T23:29:35Z,5,9.0000,8.8800
2026-07-14T00:58:01Z,4,23.0000,22.7600
2026-07-14T04:11:49Z,5,10.0000,9.9400
2026-07-14T06:36:50Z,5,4.0000,4.2000
2026-07-14T08:52:58Z,5,2.0000,1.7800
2026-07-14T10:53:56Z,5,1.0000,0.7500
2026-07-14T12:20:27Z,5,0.0000,0.3200
2026-07-14T14:26:02Z,5,10.0000,9.8100
2026-07-14T16:01:15Z,4,14.0000,14.3300
2026-07-14T17:24:00Z,3,24.0000,24.2900
2026-07-14T18:43:53Z,3,26.0000,25.9100
2026-07-14T20:19:47Z,3,29.0000,28.6600
2026-07-14T21:33:02Z,3,30.0000,29.6100
2026-07-14T22:35:02Z,4,19.0000,19.2500
2026-07-14T23:29:04Z,4,20.0000,19.7800
2026-07-15T00:54:43Z,4,16.0000,15.8600
2026-07-15T04:13:27Z,4,14.0000,13.8700
2026-07-15T06:37:58Z,4,15.0000,14.7800
2026-07-15T09:18:26Z,5,4.0000,4.0600
2026-07-15T11:13:02Z,5,2.0000,1.7100
2026-07-15T12:54:42Z,5,1.0000,1.1100
2026-07-15T14:59:20Z,5,0.0000,0.4700
2026-07-15T16:40:48Z,4,24.0000,23.8200
2026-07-15T18:16:37Z,3,25.0000,24.5400
2026-07-15T19:47:43Z,3,29.0000,29.0000
2026-07-15T21:10:49Z,3,20.0000,19.8800
2026-07-15T22:33:44Z,1,40.0000,40.2600
2026-07-15T23:35:39Z,1,47.0000,47.3700
2026-07-16T01:04:25Z,3,22.0000,22.0300
2026-07-16T04:20:24Z,4,18.0000,18.4800
2026-07-16T07:04:51Z,5,8.0000,7.9500
2026-07-16T09:24:00Z,5,3.0000,3.3600
2026-07-16T11:19:35Z,5,1.0000,1.4200
2026-07-16T13:04:13Z,5,1.0000,0.6000
2026-07-16T15:11:19Z,5,0.0000,0.2500
2026-07-16T16:51:20Z,5,0.0000,0.1600
2026-07-16T18:14:57Z,5,13.0000,12.5300
2026-07-16T19:43:17Z,5,8.0000,8.1500
2026-07-16T21:12:16Z,4,14.0000,14.4600
2026-07-16T22:32:36Z,3,24.0000,24.3400
2026-07-16T23:31:20Z,3,27.0000,26.8400
2026-07-17T01:06:39Z,4,18.0000,17.5100
2026-07-17T04:21:00Z,2,33.0000,32.9500
2026-07-17T06:59:26Z,4,20.0000,20.3100
2026-07-17T09:17:38Z,5,6.0000,5.5800
2026-07-17T11:07:59Z,5,2.0000,2.3600
2026-07-17T12:44:40Z,5,2.0000,1.5300
2026-07-17T14:50:25Z,5,1.0000,0.6500
2026-07-17T16:22:31Z,4,15.0000,14.7900
2026-07-17T17:42:05Z,4,20.0000,19.7400
2026-07-17T19:23:04Z,3,24.0000,23.8400
2026-07-17T20:29:23Z,3,22.0000,22.2100
2026-07-17T21:26:24Z,4,14.0000,14.4300
2026-07-17T22:26:46Z,4,15.0000,14.5000
2026-07-17T23:29:30Z,4,9.0000,9.4200
2026-07-18T01:01:55Z,4,9.0000,9.0000
2026-07-18T04:09:14Z,2,36.0000,36.3600
2026-07-18T06:30:24Z,4,15.0000,15.3600
2026-07-18T08:24:56Z,5,6.0000,6.4900
2026-07-18T10:02:09Z,5,3.0000,2.7400
2026-07-18T11:14:21Z,5,2.0000,1.7800
2026-07-18T12:31:35Z,5,1.0000,1.1600
2026-07-18T14:01:50Z,5,0.0000,0.4900
2026-07-18T15:06:41Z,5,0.0000,0.3200
2026-07-18T16:07:53Z,5,0.0000,0.2100
2026-07-18T17:36:19Z,4,20.0000,20.4800
2026-07-18T18:33:49Z,3,26.0000,26.3300
2026-07-18T19:47:25Z,2,31.0000,31.2600
2026-07-18T21:01:58Z,2,20.0000,20.4500
2026-07-18T21:59:56Z,2,30.0000,29.6700
2026-07-18T23:01:35Z,4,17.0000,17.2200
2026-07-19T00:02:30Z,4,16.0000,15.9100
2026-07-19T03:43:43Z,2,39.0000,39.1900
2026-07-19T06:39:59Z,4,16.0000,16.4300
2026-07-19T09:11:38Z,5,10.0000,9.7700
2026-07-19T10:57:15Z,5,6.0000,6.3500
2026-07-19T12:04:06Z,5,3.0000,2.6800
2026-07-19T13:46:33Z,5,2.0000,1.7400
2026-07-19T15:07:20Z,5,4.0000,4.2300
2026-07-19T16:30:07Z,3,32.0000,31.5300
2026-07-19T17:35:57Z,3,27.0000,26.6300
2026-07-19T18:33:57Z,3,27.0000,27.4300
2026-07-19T19:48:38Z,4,18.0000,17.8300
2026-07-19T21:03:06Z,4,18.0000,18.2700
2026-07-19T22:04:15Z,4,17.0000,16.9200
2026-07-19T23:05:27Z,3,19.0000,18.7800
2026-07-20T00:07:54Z,4,18.0000,18.2600
2026-07-20T04:24:16Z,3,37.0000,37.3000
2026-07-20T07:42:51Z,4,16.0000,16.0400
2026-07-20T11:10:08Z,5,3.0000,2.8600
2026-07-20T13:28:15Z,5,1.0000,1.2100
2026-07-20T15:31:11Z,5,1.0000,0.5100
2026-07-20T17:04:08Z,5,3.0000,2.5700
2026-07-20T19:04:29Z,5,5.0000,4.5700
2026-07-20T20:38:13Z,5,7.0000,7.2200
2026-07-20T22:09:20Z,4,12.0000,12.1200
2026-07-20T23:34:17Z,3,22.0000,21.5200
2026-07-21T01:03:13Z,4,12.0000,12.1300
2026-07-21T04:24:49Z,4,20.0000,19.7100
2026-07-21T07:14:55Z,5,5.0000,5.4100
2026-07-21T10:05:15Z,5,1.0000,1.4900
2026-07-21T11:57:42Z,5,1.0000,0.9700
2026-07-21T14:16:05Z,5,0.0000,0.2700
2026-07-21T16:04:31Z,5,1.0000,1.4200
2026-07-21T17:40:58Z,5,4.0000,4.3900
2026-07-21T19:45:23Z,4,18.0000,18.2900
2026-07-21T21:21:23Z,3,29.0000,29.2900
2026-07-21T22:29:59Z,2,32.0000,32.3800
2026-07-21T23:34:33Z,3,27.0000,26.5600
2026-07-22T01:03:07Z,3,20.0000,19.7200
2026-07-22T04:27:59Z,2,40.0000,40.4000
2026-07-22T07:16:08Z,4,20.0000,20.0100
2026-07-22T10:03:30Z,5,6.0000,5.5000
2026-07-22T11:59:49Z,5,4.0000,3.5700
2026-07-22T14:17:48Z,5,1.0000,0.9800
2026-07-22T16:04:45Z,5,2.0000,2.2300
2026-07-22T17:37:50Z,4,18.0000,18.2400
2026-07-22T19:39:26Z,4,17.0000,16.8000
2026-07-22T21:17:52Z,4,18.0000,18.4400
2026-07-22T22:37:21Z,3,23.0000,22.5300
2026-07-23T00:10:12Z,3,23.0000,23.0500
2026-07-23T03:56:50Z,1,53.0000,53.3100
2026-07-23T06:37:20Z,3,39.0000,39.0700
2026-07-23T09:30:24Z,5,11.0000,10.7300
2026-07-23T11:27:31Z,5,5.0000,4.5300
2026-07-23T13:08:20Z,5,2.0000,1.9200
2026-07-23T15:34:11Z,4,27.0000,26.6600
2026-07-23T17:02:40Z,4,14.0000,14.1100
2026-07-23T18:20:14Z,3,22.0000,21.7800
2026-07-23T19:57:22Z,4,14.0000,14.1600
2026-07-23T21:17:12Z,4,18.0000,18.3200
2026-07-23T22:33:26Z,4,17.0000,17.3200
2026-07-23T23:32:32Z,3,23.0000,22.7700
2026-07-24T01:01:33Z,4,15.0000,15.0500
2026-07-24T04:24:42Z,3,27.0000,27.3900
2026-07-24T07:13:00Z,5,12.0000,11.6700
2026-07-24T09:58:33Z,5,5.0000,4.9300
2026-07-24T11:51:08Z,5,2.0000,2.0800
2026-07-24T14:04:54Z,5,1.0000,0.5700
2026-07-24T15:41:13Z,4,22.0000,21.8200
2026-07-24T17:46:24Z,4,20.0000,20.3600
2026-07-24T19:42:01Z,3,21.0000,21.1300
2026-07-24T21:16:06Z,4,19.0000,19.2000
2026-07-24T22:38:22Z,4,21.0000,20.7400
2026-07-25T00:11:59Z,4,17.0000,16.9800
2026-07-25T03:51:26Z,3,29.0000,29.4800
2026-07-25T06:26:15Z,4,22.0000,21.8200
2026-07-25T08:33:27Z,5,9.0000,9.2200
2026-07-25T10:13:09Z,5,4.0000,3.8900
2026-07-25T11:46:34Z,5,3.0000,2.5300
2026-07-25T13:55:47Z,5,1.0000,1.0700
2026-07-25T15:14:41Z,5,11.0000,10.5700
2026-07-25T16:28:01Z,5,7.0000,6.8700
2026-07-25T17:35:38Z,4,17.0000,17.4900
2026-07-25T18:35:00Z,3,26.0000,26.3100
2026-07-25T19:51:01Z,2,26.0000,26.3300
2026-07-25T21:04:51Z,4,11.0000,11.1200
2026-07-25T22:05:19Z,4,19.0000,19.0600
2026-07-25T23:07:53Z,3,20.0000,19.8800
2026-07-26T01:10:18Z,3,18.0000,18.4900
2026-07-26T05:02:35Z,4,17.0000,17.1800
2026-07-26T07:43:27Z,3,25.0000,24.8500
2026-07-26T10:08:36Z,5,7.0000,6.8300
2026-07-26T11:45:52Z,5,4.0000,4.4400
2026-07-26T13:48:40Z,5,2.0000,1.8700
2026-07-26T15:14:26Z,5,10.0000,10.3300
2026-07-26T16:31:42Z,5,11.0000,11.4800
2026-07-26T17:38:31Z,5,11.0000,10.8800
2026-07-26T19:24:11Z,4,17.0000,17.1800
2026-07-26T20:32:05Z,3,27.0000,27.1200
2026-07-26T21:31:21Z,2,31.0000,30.5600
2026-07-26T22:35:16Z,1,31.0000,30.8800
2026-07-26T23:36:58Z,2,31.0000,30.6600
2026-07-27T01:16:00Z,3,34.0000,33.9300
2026-07-27T05:28:27Z,5,12.0000,11.6200
2026-07-27T08:57:09Z,5,3.0000,3.1900
2026-07-27T12:34:44Z,5,1.0000,0.5700
2026-07-27T15:28:30Z,5,4.0000,3.7000
2026-07-27T17:19:45Z,5,2.0000,1.5600
2026-07-27T18:59:07Z,5,1.0000,1.0200
2026-07-27T20:39:54Z,5,10.0000,9.8300
2026-07-27T22:13:57Z,4,17.0000,17.1400
2026-07-27T23:39:56Z,3,24.0000,23.5600
2026-07-28T03:27:53Z,2,30.0000,30.3500
2026-07-28T06:11:21Z,4,17.0000,17.2500
2026-07-28T09:20:06Z,5,8.0000,7.8100
2026-07-28T11:37:17Z,5,3.0000,3.3000
2026-07-28T13:17:47Z,5,1.0000,1.3900
2026-07-28T15:52:40Z,5,1.0000,0.5900
2026-07-28T17:42:44Z,5,11.0000,10.7500
2026-07-28T19:46:46Z,3,24.0000,24.0700
2026-07-28T21:17:04Z,3,28.0000,28.4300
2026-07-28T22:37:59Z,3,27.0000,26.7800
2026-07-29T00:06:08Z,4,17.0000,16.8900
2026-07-29T03:33:04Z,3,39.0000,39.3000
2026-07-29T06:16:40Z,4,20.0000,19.7100
2026-07-29T09:23:56Z,5,5.0000,5.4100
2026-07-29T11:47:30Z,5,2.0000,2.2900
2026-07-29T14:27:23Z,5,9.0000,9.2200
2026-07-29T16:04:38Z,5,4.0000,3.8900
2026-07-29T17:32:20Z,5,8.0000,7.8900
2026-07-29T18:33:50Z,5,11.0000,10.7500
2026-07-29T19:54:48Z,4,21.0000,21.3100
2026-07-29T21:07:59Z,4,15.0000,15.1300
2026-07-29T22:33:09Z,3,24.0000,24.1100
2026-07-29T23:37:41Z,4,16.0000,15.6700
2026-07-30T03:18:08Z,3,22.0000,22.2300
2026-07-30T06:09:26Z,5,6.0000,6.1000
2026-07-30T09:15:21Z,5,2.0000,1.6800
2026-07-30T11:30:40Z,5,1.0000,0.7100
2026-07-30T13:10:56Z,5,0.0000,0.3000
2026-07-30T15:34:04Z,5,0.0000,0.1300
2026-07-30T17:06:42Z,5,4.0000,4.3600
2026-07-30T18:42:07Z,4,24.0000,24.3200
2026-07-30T20:22:05Z,4,20.0000,20.4000
2026-07-30T21:45:39Z,3,31.0000,31.0200
2026-07-30T23:15:13Z,3,25.0000,24.9000
2026-07-31T01:08:37Z,4,15.0000,14.5700
2026-07-31T05:04:46Z,5,11.0000,10.7100
2026-07-31T08:08:10Z,5,6.0000,5.6400
2026-07-31T11:08:40Z,5,2.0000,1.5500
2026-07-31T13:16:06Z,5,1.0000,0.6500
2026-07-31T15:38:40Z,5,5.0000,4.8900
2026-07-31T17:48:01Z,5,10.0000,9.8200
2026-07-31T19:46:47Z,5,7.0000,7.3600
2026-07-31T21:16:31Z,4,21.0000,20.7800
2026-07-31T22:37:38Z,4,14.0000,13.5100
2026-08-01T00:09:01Z,4,13.0000,13.3500
2026-08-01T04:02:53Z,4,14.0000,13.9800
2026-08-01T06:37:57Z,5,6.0000,5.9100
2026-08-01T09:14:21Z,5,2.0000,1.6200
2026-08-01T11:02:41Z,5,1.0000,0.6900
2026-08-01T12:08:43Z,5,0.0000,0.4500
2026-08-01T14:08:19Z,5,0.0000,0.1900
2026-08-01T15:40:02Z,5,10.0000,10.2400
2026-08-01T17:10:25Z,5,4.0000,4.3300
2026-08-01T18:33:18Z,5,13.0000,12.9400
2026-08-01T19:48:14Z,4,19.0000,18.5300
2026-08-01T21:05:11Z,5,8.0000,7.8300
2026-08-01T22:07:45Z,4,8.0000,8.1900
2026-08-01T23:33:00Z,4,16.0000,15.8000
2026-08-02T01:10:03Z,4,12.0000,12.4700
2026-08-02T04:58:41Z,3,27.0000,26.9800
2026-08-02T07:38:30Z,4,18.0000,18.2100
2026-08-02T10:05:09Z,5,5.0000,5.0000
2026-08-02T11:32:05Z,5,3.0000,3.2500
2026-08-02T12:38:22Z,5,2.0000,2.1100
2026-08-02T14:41:01Z,5,1.0000,0.8900
2026-08-02T16:09:07Z,5,0.0000,0.3800
2026-08-02T17:38:38Z,5,12.0000,12.0400
2026-08-02T19:23:07Z,4,16.0000,16.0000
2026-08-02T20:31:03Z,3,25.0000,24.7000
2026-08-02T21:28:59Z,4,21.0000,20.9700
2026-08-02T22:31:51Z,4,21.0000,20.6000
2026-08-02T23:33:47Z,3,26.0000,26.2400
2026-08-03T01:10:54Z,3,23.0000,23.2100
2026-08-03T05:07:52Z,3,26.0000,25.9500
2026-08-03T08:49:29Z,5,8.0000,8.1000
2026-08-03T12:34:07Z,5,1.0000,1.4500
2026-08-03T15:28:02Z,5,11.0000,10.5200
2026-08-03T17:26:35Z,3,30.0000,30.2200
2026-08-03T19:08:41Z,4,18.0000,18.0400
2026-08-03T20:45:31Z,3,26.0000,25.5800
2026-08-03T22:14:48Z,1,35.0000,34.8000
2026-08-03T23:41:42Z,2,27.0000,26.9100
2026-08-04T03:30:20Z,3,21.0000,21.4600
2026-08-04T06:13:02Z,4,8.0000,8.4700
2026-08-04T09:23:21Z,5,2.0000,2.3300
2026-08-04T11:46:08Z,5,1.0000,0.9800
2026-08-04T14:35:06Z,5,0.0000,0.2700
2026-08-04T16:28:38Z,5,9.0000,9.4800
2026-08-04T18:14:16Z,4,20.0000,20.2100
2026-08-04T20:10:47Z,4,15.0000,15.1200
2026-08-04T21:51:20Z,3,26.0000,25.6000
2026-08-04T23:14:01Z,3,29.0000,28.8000
2026-08-05T00:57:46Z,2,41.0000,40.9200
2026-08-05T04:20:56Z,4,14.0000,13.7400
2026-08-05T07:19:17Z,5,4.0000,3.7700
2026-08-05T10:12:59Z,5,1.0000,1.0400
2026-08-05T12:24:59Z,5,0.0000,0.4400
2026-08-05T14:58:22Z,5,0.0000,0.1900
2026-08-05T16:48:34Z,5,8.0000,8.3200
2026-08-05T18:42:30Z,5,8.0000,7.8500
2026-08-05T20:37:18Z,3,33.0000,32.9000
2026-08-05T21:52:44Z,3,32.0000,32.4100
2026-08-05T23:12:58Z,3,32.0000,31.8800
2026-08-06T00:58:29Z,3,27.0000,27.4000
2026-08-06T04:23:04Z,4,17.0000,16.7900
2026-08-06T07:21:23Z,5,5.0000,4.6100
2026-08-06T10:14:04Z,5,1.0000,1.2700
2026-08-06T12:28:16Z,5,1.0000,0.5300
2026-08-06T14:57:18Z,5,0.0000,0.2300
2026-08-07T00:43:30Z,4,15.0000,15.0300
2026-08-07T03:58:18Z,3,37.0000,37.2200
2026-08-07T05:47:24Z,4,16.0000,15.7200
2026-08-07T07:37:14Z,5,7.0000,6.6400
2026-08-07T08:37:49Z,5,4.0000,4.3200
2026-08-07T10:07:35Z,5,2.0000,1.8200
2026-08-07T11:25:48Z,5,1.0000,1.1900
2026-08-07T12:24:49Z,5,1.0000,0.7700
2026-08-07T13:53:56Z,5,1.0000,0.5000
2026-08-07T15:04:24Z,5,7.0000,6.5000
2026-08-07T16:05:28Z,4,15.0000,14.7600
2026-08-07T17:04:02Z,5,10.0000,9.6000
2026-08-07T17:57:42Z,5,10.0000,9.6000
2026-08-07T19:09:30Z,5,4.0000,4.0500
2026-08-07T20:09:47Z,4,9.0000,9.2100
2026-08-07T21:18:32Z,4,19.0000,19.4500
2026-08-07T22:08:42Z,4,13.0000,12.6400
2026-08-07T23:08:15Z,4,16.0000,15.5900
2026-08-08T00:02:44Z,5,10.0000,10.1400
2026-08-08T02:15:21Z,3,36.0000,35.7700
2026-08-08T03:53:53Z,2,41.0000,40.9700
2026-08-08T05:06:50Z,2,31.0000,30.8800
2026-08-08T05:54:03Z,2,45.0000,44.6100
2026-08-08T07:08:26Z,4,19.0000,18.8500
2026-08-08T08:09:16Z,5,12.0000,12.2500
2026-08-08T09:19:00Z,5,8.0000,7.9600
2026-08-08T10:04:22Z,5,5.0000,5.1800
2026-08-08T10:46:41Z,5,5.0000,5.1800
2026-08-08T11:37:07Z,5,3.0000,3.3600
2026-08-08T11:59:42Z,5,3.0000,3.3600
2026-08-08T13:06:45Z,5,1.0000,1.4200
2026-08-08T13:54:19Z,5,1.0000,1.4200
2026-08-08T14:42:34Z,5,10.0000,9.6100
2026-08-08T15:38:48Z,5,6.0000,6.2500
2026-08-08T16:47:18Z,5,12.0000,12.1900
2026-08-08T17:39:39Z,4,21.0000,21.0300
2026-08-08T18:52:31Z,3,24.0000,24.2600
2026-08-08T19:37:56Z,2,32.0000,31.6800
2026-08-08T20:42:46Z,1,36.0000,36.2300
2026-08-08T21:39:52Z,2,35.0000,34.5700
2026-08-08T22:39:56Z,1,37.0000,36.8300
2026-08-08T23:38:37Z,2,33.0000,33.0800
2026-08-09T02:23:23Z,3,29.0000,29.0000
2026-08-09T04:02:03Z,4,19.0000,19.2800
2026-08-09T05:13:53Z,3,21.0000,21.4500
2026-08-09T06:23:55Z,4,14.0000,13.9400
2026-08-09T07:37:15Z,3,23.0000,22.7900
2026-08-09T08:55:34Z,4,15.0000,14.8100
2026-08-09T09:50:59Z,5,10.0000,9.6300
2026-08-09T10:46:44Z,5,6.0000,6.2600
2026-08-09T11:38:17Z,5,4.0000,4.0700
2026-08-09T13:10:05Z,5,2.0000,1.7200
2026-08-09T14:11:36Z,5,1.0000,1.1200
2026-08-09T15:03:23Z,5,1.0000,0.7300
2026-08-09T15:41:37Z,5,11.0000,10.8500
2026-08-09T16:48:06Z,4,20.0000,19.5600
2026-08-09T17:41:06Z,4,18.0000,17.9300
2026-08-09T18:54:55Z,3,22.0000,21.7800
2026-08-09T19:42:31Z,3,26.0000,25.6100
2026-08-09T20:47:03Z,3,27.0000,26.7700
2026-08-09T21:42:32Z,3,22.0000,22.4600
2026-08-09T22:43:19Z,3,28.0000,28.1700
2026-08-09T23:40:44Z,4,18.0000,18.3100
2026-08-10T02:28:01Z,4,10.0000,9.9200
2026-08-10T04:15:57Z,5,4.0000,4.1900
2026-08-10T05:58:49Z,5,3.0000,2.7200
2026-08-10T07:58:51Z,5,1.0000,1.1500
2026-08-10T09:42:57Z,5,0.0000,0.4900
2026-08-10T11:16:45Z,5,0.0000,0.2100
2026-08-10T12:26:11Z,5,0.0000,0.1300
2026-08-10T14:00:42Z,5,0.0000,0.0600
2026-08-10T15:10:04Z,5,0.0000,0.0400
2026-08-10T16:26:15Z,5,9.0000,8.5100
2026-08-10T17:30:16Z,5,12.0000,12.0500
2026-08-10T18:27:46Z,4,16.0000,16.0800
2026-08-10T19:35:46Z,4,19.0000,18.6900
2026-08-10T20:19:20Z,4,17.0000,17.4200
2026-08-10T21:22:32Z,4,20.0000,19.9100
2026-08-10T22:09:50Z,4,13.0000,12.9400
2026-08-10T23:09:03Z,4,13.0000,12.8200
2026-08-11T00:03:08Z,4,14.0000,14.1700
2026-08-11T02:22:09Z,4,24.0000,23.5400
2026-08-11T04:03:25Z,4,15.0000,15.1300
2026-08-11T05:18:09Z,5,10.0000,9.8300
2026-08-11T06:30:20Z,5,6.0000,6.3900
2026-08-11T07:49:12Z,5,4.0000,4.1500
2026-08-11T09:10:25Z,5,2.0000,1.7600
2026-08-11T10:27:36Z,5,1.0000,1.1400
2026-08-11T11:24:37Z,5,1.0000,0.7400
2026-08-11T12:25:44Z,5,0.0000,0.4800
2026-08-11T14:01:37Z,5,0.0000,0.2000
2026-08-11T15:10:25Z,5,0.0000,0.1300
2026-08-11T16:28:32Z,5,7.0000,6.6700
2026-08-11T17:33:19Z,5,4.0000,4.3300
2026-08-11T18:29:39Z,5,3.0000,2.8200
2026-08-11T19:39:43Z,5,5.0000,5.1300
2026-08-11T20:58:18Z,5,3.0000,3.3400
2026-08-11T21:58:01Z,5,2.0000,2.1700
2026-08-11T22:55:47Z,5,1.0000,1.4100
2026-08-11T23:52:24Z,5,1.0000,0.9200
2026-08-12T02:37:17Z,5,12.0000,12.0400
2026-08-12T04:55:39Z,3,27.0000,26.7200
2026-08-12T06:22:21Z,5,11.0000,11.2900
2026-08-12T08:01:10Z,5,5.0000,4.7700
2026-08-12T09:20:00Z,5,3.0000,3.1000
2026-08-12T10:38:45Z,5,2.0000,2.0100
2026-08-12T11:54:43Z,5,1.0000,1.3100
2026-08-12T13:36:59Z,5,1.0000,0.5500
2026-08-12T14:41:54Z,5,10.0000,9.6400
2026-08-12T16:05:54Z,4,10.0000,10.4800
2026-08-12T17:08:29Z,4,15.0000,14.5400
2026-08-12T18:30:04Z,3,22.0000,22.3100
2026-08-12T19:42:26Z,4,15.0000,14.5000
2026-08-12T20:57:21Z,4,20.0000,19.5500
2026-08-12T21:56:16Z,3,28.0000,27.7500
2026-08-12T22:54:07Z,4,18.0000,18.0400
2026-08-12T23:53:05Z,3,26.0000,25.6900
2026-08-13T02:39:36Z,3,24.0000,23.8100
2026-08-13T04:59:53Z,3,40.0000,40.1100
2026-08-13T06:24:38Z,3,40.0000,39.5900
2026-08-13T08:02:20Z,4,17.0000,16.7300
2026-08-13T09:20:49Z,5,11.0000,10.8700
2026-08-13T10:39:57Z,5,7.0000,7.0700
2026-08-13T11:55:19Z,5,5.0000,4.5900
2026-08-13T13:37:44Z,5,2.0000,1.9400
2026-08-13T15:07:54Z,5,1.0000,0.8200
2026-08-13T16:28:57Z,5,5.0000,4.8300
2026-08-13T17:33:57Z,5,3.0000,3.1400
2026-08-13T18:32:00Z,4,18.0000,18.0500
2026-08-13T19:38:42Z,3,22.0000,21.8600
2026-08-13T20:55:17Z,4,14.0000,14.2100
2026-08-13T21:56:17Z,5,9.0000,9.2300
2026-08-13T22:55:25Z,4,22.0000,22.1300
2026-08-13T23:52:04Z,4,21.0000,20.7500
2026-08-14T02:37:48Z,3,32.0000,32.4900
2026-08-14T04:56:56Z,4,14.0000,13.7300
2026-08-14T06:22:35Z,5,9.0000,8.8600
2026-08-14T07:58:47Z,5,6.0000,5.7600
2026-08-14T09:15:46Z,5,0.0000,
2026-08-14T10:35:42Z,5,2.0000,1.5800
2026-08-14T11:23:39Z,5,1.0000,1.0300
2026-08-14T12:25:16Z,5,1.0000,0.6700
2026-08-14T13:58:16Z,5,0.0000,0.4300
2026-08-14T15:01:43Z,5,0.0000,0.1800
2026-08-14T16:00:49Z,5,5.0000,5.1200
2026-08-14T17:03:47Z,5,3.0000,3.3300
2026-08-14T18:00:30Z,5,2.0000,2.1600
2026-08-14T19:07:03Z,5,8.0000,7.9900
2026-08-14T19:53:45Z,5,8.0000,7.9900
2026-08-14T20:38:46Z,4,16.0000,16.3200
2026-08-14T21:34:43Z,3,22.0000,22.2900
2026-08-14T21:54:45Z,3,22.0000,22.2900
2026-08-14T22:33:53Z,4,18.0000,18.4300
2026-08-14T22:55:03Z,4,18.0000,18.4300
2026-08-14T23:30:40Z,3,26.0000,26.3700
2026-08-14T23:53:34Z,3,26.0000,26.3700
2026-08-15T01:44:57Z,3,29.0000,28.8500
2026-08-15T02:59:50Z,3,26.0000,26.1800
2026-08-15T03:49:02Z,4,17.0000,17.0200
2026-08-15T04:40:12Z,3,33.0000,33.0500
2026-08-15T05:34:47Z,3,21.0000,21.4800
2026-08-15T05:56:28Z,3,21.0000,21.4800
2026-08-15T06:53:36Z,4,14.0000,13.9600
2026-08-15T07:37:44Z,5,9.0000,9.0800
2026-08-15T08:39:40Z,5,6.0000,5.9000
2026-08-15T09:34:47Z,5,4.0000,3.8300
2026-08-15T09:54:27Z,5,4.0000,3.8300
2026-08-15T10:32:45Z,5,2.0000,2.4900
2026-08-15T10:53:09Z,5,2.0000,2.4900
2026-08-15T11:29:35Z,5,2.0000,1.6200
2026-08-15T11:50:53Z,5,2.0000,1.6200
2026-08-15T12:54:28Z,5,1.0000,1.0500
2026-08-15T13:37:13Z,5,1.0000,0.6800
2026-08-15T14:33:12Z,5,9.0000,9.1400
2026-08-15T14:54:06Z,5,9.0000,9.1400
2026-08-15T15:30:25Z,5,13.0000,13.0600
2026-08-15T15:51:23Z,5,13.0000,13.0600
2026-08-15T16:35:36Z,4,16.0000,16.3700
2026-08-15T16:56:17Z,4,16.0000,16.3700
2026-08-15T17:29:40Z,4,18.0000,17.7600
2026-08-15T17:51:48Z,4,18.0000,17.7600
2026-08-15T18:41:55Z,3,25.0000,24.9700
2026-08-15T19:28:53Z,2,33.0000,33.2100
2026-08-15T19:49:56Z,2,33.0000,33.2100
2026-08-15T20:33:40Z,1,36.0000,35.6200
2026-08-15T20:54:36Z,1,36.0000,35.6200
2026-08-15T21:29:51Z,2,23.0000,23.1600
2026-08-15T21:50:30Z,2,23.0000,23.1600
2026-08-15T22:32:23Z,3,15.0000,15.0500
2026-08-15T22:53:05Z,3,15.0000,15.0500
2026-08-15T23:28:51Z,4,10.0000,9.7800
2026-08-15T23:50:43Z,4,10.0000,9.7800
2026-08-16T01:53:02Z,4,17.0000,16.9600
2026-08-16T03:08:28Z,4,17.0000,16.6400
2026-08-16T04:16:34Z,3,22.0000,21.9500
2026-08-16T05:03:01Z,4,14.0000,14.2700
2026-08-16T05:37:41Z,4,14.0000,14.2700
2026-08-16T06:54:28Z,5,9.0000,9.2700
2026-08-16T07:38:50Z,5,6.0000,6.0300
2026-08-16T08:40:43Z,5,4.0000,3.9200
2026-08-16T09:35:34Z,5,3.0000,2.5500
2026-08-16T09:55:54Z,5,3.0000,2.5500
2026-08-16T10:33:03Z,5,2.0000,1.6600
2026-08-16T10:53:53Z,5,2.0000,1.6600
2026-08-16T11:29:23Z,5,1.0000,1.0800
2026-08-16T11:50:51Z,5,1.0000,1.0800
2026-08-16T12:56:03Z,5,1.0000,0.7000
2026-08-16T13:38:43Z,5,0.0000,0.4500
2026-08-16T14:32:37Z,5,0.0000,0.3000
2026-08-16T14:53:57Z,5,0.0000,0.3000
2026-08-16T15:31:00Z,5,0.0000,0.1900
2026-08-16T15:51:56Z,5,0.0000,0.1900
2026-08-16T16:36:10Z,5,3.0000,2.6000
2026-08-16T16:57:07Z,5,3.0000,2.6000
2026-08-16T17:28:17Z,5,8.0000,7.8200
2026-08-16T17:50:41Z,5,8.0000,7.8200
2026-08-16T18:41:35Z,5,8.0000,7.9400
2026-08-16T19:28:13Z,4,15.0000,15.2800
2026-08-16T19:48:52Z,4,15.0000,15.2800
2026-08-16T20:33:29Z,3,27.0000,26.7400
2026-08-16T20:53:21Z,3,27.0000,26.7400
2026-08-16T21:29:37Z,3,26.0000,26.3600
2026-08-16T21:50:11Z,3,26.0000,26.3600
2026-08-16T22:31:58Z,2,31.0000,30.6900
2026-08-16T22:52:10Z,2,31.0000,30.6900
2026-08-16T23:29:37Z,3,20.0000,19.9500
2026-08-16T23:50:08Z,3,20.0000,19.9500
2026-08-17T01:50:28Z,3,32.0000,32.3700
2026-08-17T03:08:14Z,4,19.0000,19.0600
2026-08-17T04:21:34Z,3,25.0000,25.0100
2026-08-17T05:17:56Z,4,16.0000,16.2600
2026-08-17T06:02:59Z,5,11.0000,10.5700
2026-08-17T07:11:45Z,4,12.0000,11.6700
2026-08-17T08:09:38Z,5,8.0000,7.5800
2026-08-17T09:21:09Z,5,5.0000,4.9300
2026-08-17T10:06:44Z,5,3.0000,3.2000
2026-08-17T10:46:06Z,5,3.0000,3.2000
2026-08-17T11:34:38Z,5,2.0000,2.0800
2026-08-17T11:54:56Z,5,2.0000,2.0800
2026-08-17T13:00:44Z,5,1.0000,0.8800
2026-08-17T13:48:12Z,5,1.0000,0.8800
2026-08-17T14:37:44Z,5,8.0000,7.6900
2026-08-17T15:34:12Z,5,5.0000,5.0000
2026-08-17T15:54:55Z,5,5.0000,5.0000
2026-08-17T16:38:40Z,5,10.0000,10.4400
2026-08-17T17:37:14Z,4,25.0000,25.0800
2026-08-17T18:52:40Z,3,33.0000,32.6400
2026-08-17T19:35:37Z,3,31.0000,31.3400
2026-08-17T19:55:51Z,3,31.0000,31.3400
2026-08-17T20:37:06Z,3,29.0000,28.7300
2026-08-17T21:00:16Z,4,19.0000,18.6700
2026-08-17T21:34:38Z,3,30.0000,29.7000
2026-08-17T21:55:22Z,3,30.0000,29.7000
2026-08-17T22:34:54Z,3,25.0000,24.8100
2026-08-17T22:56:01Z,3,25.0000,24.8100
2026-08-17T23:31:51Z,3,27.0000,27.0300
2026-08-17T23:52:34Z,3,27.0000,27.0300
2026-08-18T01:45:46Z,4,21.0000,20.6800
2026-08-18T03:04:00Z,4,18.0000,18.3200
2026-08-18T03:53:31Z,2,31.0000,30.6300
2026-08-18T04:45:43Z,3,20.0000,19.9100
2026-08-18T05:38:28Z,4,13.0000,12.9400
2026-08-18T06:58:58Z,4,20.0000,19.5900
2026-08-18T07:47:50Z,4,13.0000,12.7300
2026-08-18T08:48:42Z,5,8.0000,8.2800
2026-08-18T09:43:26Z,5,5.0000,5.3800
2026-08-18T10:39:38Z,5,4.0000,3.5000
2026-08-18T11:34:33Z,5,2.0000,2.2700
2026-08-18T11:56:25Z,5,2.0000,2.2700
2026-08-18T13:02:31Z,5,1.0000,0.9600
2026-08-18T13:51:26Z,5,1.0000,0.9600
2026-08-18T14:45:25Z,5,1.0000,0.6200
2026-08-18T15:39:54Z,5,11.0000,10.5300
2026-08-18T16:42:37Z,4,17.0000,16.9700
2026-08-18T17:36:43Z,4,11.0000,11.0300
2026-08-18T17:58:52Z,4,11.0000,11.0300
2026-08-18T18:51:31Z,3,23.0000,23.3800
2026-08-18T19:34:34Z,3,26.0000,26.1100
2026-08-18T19:53:14Z,3,26.0000,26.1100
2026-08-18T20:34:19Z,4,17.0000,16.9700
2026-08-18T20:55:36Z,4,17.0000,16.9700
2026-08-18T21:33:03Z,5,11.0000,11.0300
2026-08-18T21:52:45Z,5,11.0000,11.0300
2026-08-18T22:35:01Z,5,12.0000,12.1900
2026-08-18T22:56:18Z,5,12.0000,12.1900
2026-08-18T23:31:01Z,4,16.0000,16.1900
2026-08-18T23:52:24Z,4,16.0000,16.1900
2026-08-19T01:48:07Z,3,30.0000,29.8000
2026-08-19T03:06:38Z,4,18.0000,18.0800
2026-08-19T03:55:43Z,3,30.0000,29.7000
2026-08-19T04:46:20Z,4,19.0000,19.3000
2026-08-19T05:39:13Z,5,13.0000,12.5500
2026-08-19T06:59:24Z,5,8.0000,8.1600
2026-08-19T07:48:41Z,5,5.0000,5.3000
2026-08-19T08:49:46Z,5,3.0000,3.4500
2026-08-19T09:43:15Z,5,2.0000,2.2400
2026-08-19T10:38:58Z,5,1.0000,1.4600
2026-08-19T11:34:15Z,5,1.0000,0.9500
2026-08-19T11:56:01Z,5,1.0000,0.9500
2026-08-19T13:03:51Z,5,0.0000,0.4000
2026-08-19T13:52:43Z,5,0.0000,0.4000
2026-08-19T14:45:40Z,5,0.0000,0.2600
2026-08-19T15:40:03Z,5,0.0000,0.1700
2026-08-19T16:41:17Z,5,0.0000,0.1100
2026-08-19T17:35:26Z,5,0.0000,0.0700
2026-08-19T17:55:46Z,5,0.0000,0.0700
2026-08-19T18:48:34Z,5,8.0000,8.1800
2026-08-19T19:33:41Z,4,18.0000,18.4000
2026-08-19T19:54:17Z,4,18.0000,18.4000
2026-08-19T20:38:35Z,3,22.0000,22.0800
2026-08-19T21:34:48Z,4,14.0000,14.3500
2026-08-19T21:56:10Z,4,14.0000,14.3500
2026-08-19T22:34:59Z,3,21.0000,21.1600
2026-08-19T22:56:30Z,3,21.0000,21.1600
2026-08-19T23:31:47Z,4,14.0000,13.7500
2026-08-19T23:53:11Z,4,14.0000,13.7500
2026-08-20T01:46:30Z,4,18.0000,18.4800
2026-08-20T03:05:57Z,4,16.0000,16.1400
2026-08-20T03:54:55Z,4,16.0000,16.1400
2026-08-20T04:47:13Z,5,10.0000,10.4900
2026-08-20T05:39:49Z,5,10.0000,10.4700
2026-08-20T07:00:29Z,4,13.0000,13.3500
2026-08-20T07:50:54Z,4,13.0000,13.3500
2026-08-20T08:51:12Z,5,9.0000,8.6700
2026-08-20T09:45:21Z,5,6.0000,5.6400
2026-08-20T10:40:02Z,5,4.0000,3.6700
2026-08-20T11:36:05Z,5,2.0000,2.3800
2026-08-20T11:58:41Z,5,2.0000,2.3800
2026-08-20T13:05:39Z,5,1.0000,1.0100
2026-08-20T13:55:52Z,5,1.0000,1.0100
2026-08-20T14:48:37Z,5,1.0000,0.6500
2026-08-20T15:43:45Z,5,0.0000,0.4300
2026-08-20T16:46:25Z,5,5.0000,4.6600
2026-08-20T17:38:36Z,5,9.0000,9.1700
2026-08-20T18:54:02Z,5,13.0000,12.7200
2026-08-20T19:38:37Z,4,18.0000,17.9200
2026-08-20T20:39:02Z,3,21.0000,21.2300
2026-08-20T21:36:59Z,3,26.0000,25.6200
2026-08-20T21:58:44Z,3,26.0000,25.6200
2026-08-20T22:37:44Z,4,21.0000,20.6000
2026-08-20T23:34:22Z,4,13.0000,13.3900
2026-08-20T23:55:21Z,4,13.0000,13.3900
2026-08-21T01:51:53Z,2,43.0000,42.8400
2026-08-21T03:11:41Z,2,31.0000,31.4500
2026-08-21T04:19:15Z,3,29.0000,28.7000
2026-08-21T05:07:17Z,4,19.0000,18.6600
2026-08-21T06:01:10Z,4,19.0000,18.5200
2026-08-21T07:01:48Z,5,12.0000,12.0400
2026-08-21T07:51:59Z,5,12.0000,12.0400
2026-08-21T08:52:39Z,5,8.0000,7.8200
2026-08-21T09:47:32Z,5,5.0000,5.0900
2026-08-21T10:40:11Z,5,3.0000,3.3100
2026-08-21T11:35:06Z,5,2.0000,2.1500
2026-08-21T11:57:25Z,5,2.0000,2.1500
2026-08-21T13:04:39Z,5,1.0000,0.9100
2026-08-21T13:54:14Z,5,1.0000,0.9100
2026-08-21T14:47:18Z,5,10.0000,10.2600
2026-08-21T15:42:42Z,4,17.0000,16.7900
2026-08-21T16:46:17Z,3,32.0000,32.0600
2026-08-21T17:37:58Z,2,33.0000,33.2400
2026-08-21T18:50:42Z,1,38.0000,37.8200
2026-08-21T19:32:15Z,1,42.0000,42.4800
2026-08-21T19:51:36Z,1,42.0000,42.4800
2026-08-21T20:34:56Z,1,44.0000,44.0500
2026-08-21T20:56:10Z,1,44.0000,44.0500
2026-08-21T21:33:29Z,1,47.0000,47.0500
2026-08-21T21:55:29Z,1,47.0000,47.0500
2026-08-21T22:35:04Z,1,38.0000,38.0500
2026-08-21T22:56:24Z,1,38.0000,38.0500
2026-08-21T23:32:51Z,2,35.0000,34.6300
2026-08-21T23:54:01Z,2,35.0000,34.6300
2026-08-22T01:45:20Z,3,30.0000,29.5900
2026-08-22T03:02:40Z,4,18.0000,17.8100
2026-08-22T03:50:48Z,4,20.0000,20.4900
2026-08-22T04:42:55Z,4,13.0000,13.3200
2026-08-22T05:36:40Z,5,9.0000,8.6600
2026-08-22T05:58:36Z,5,9.0000,8.6600
2026-08-22T06:54:30Z,4,19.0000,19.3500
2026-08-22T07:39:12Z,3,26.0000,26.3000
2026-08-22T08:41:08Z,4,17.0000,17.1000
2026-08-22T09:36:09Z,5,11.0000,11.1100
2026-08-22T09:55:44Z,5,11.0000,11.1100
2026-08-22T10:34:15Z,5,7.0000,7.2200
2026-08-22T10:55:26Z,5,7.0000,7.2200
2026-08-22T11:30:13Z,5,5.0000,4.7000
2026-08-22T11:51:37Z,5,5.0000,4.7000
2026-08-22T12:55:55Z,5,3.0000,3.0500
2026-08-22T13:38:56Z,5,2.0000,1.9800
2026-08-22T14:31:42Z,5,1.0000,1.2900
2026-08-22T14:53:22Z,5,1.0000,1.2900
2026-08-22T15:30:37Z,5,7.0000,6.9700
2026-08-22T15:51:40Z,5,7.0000,6.9700
2026-08-22T16:40:16Z,5,5.0000,4.5300
2026-08-22T16:55:53Z,5,5.0000,4.5300
2026-08-22T17:30:10Z,5,9.0000,9.1100
2026-08-22T17:52:15Z,5,9.0000,9.1100
2026-08-22T18:43:40Z,5,10.0000,9.6200
2026-08-22T19:30:02Z,4,19.0000,18.6100
2026-08-22T19:50:39Z,4,19.0000,18.6100
2026-08-22T20:34:13Z,3,31.0000,31.3700
2026-08-22T20:54:58Z,3,31.0000,31.3700
2026-08-22T21:30:46Z,2,31.0000,30.5700
2026-08-22T21:52:02Z,2,31.0000,30.5700
2026-08-22T22:32:50Z,3,24.0000,24.3000
2026-08-22T22:53:36Z,3,24.0000,24.3000
2026-08-22T23:30:07Z,3,31.0000,30.8400
2026-08-22T23:51:15Z,3,31.0000,30.8400
2026-08-23T01:55:18Z,3,23.0000,22.8000
2026-08-23T03:11:33Z,4,13.0000,13.3700
2026-08-23T04:18:38Z,3,34.0000,33.6100
2026-08-23T05:04:29Z,3,22.0000,21.8500
2026-08-23T05:39:33Z,3,22.0000,21.8500
2026-08-23T06:55:48Z,3,25.0000,25.3800
2026-08-23T07:41:42Z,4,16.0000,16.4900
2026-08-23T08:42:17Z,5,11.0000,10.7200
2026-08-23T09:37:02Z,5,7.0000,6.9700
2026-08-23T09:57:08Z,5,7.0000,6.9700
2026-08-23T10:34:17Z,5,5.0000,4.5300
2026-08-23T10:55:22Z,5,5.0000,4.5300
2026-08-23T11:30:17Z,5,3.0000,2.9400
2026-08-23T11:51:57Z,5,3.0000,2.9400
2026-08-23T12:56:57Z,5,2.0000,1.9100
2026-08-23T13:40:07Z,5,1.0000,1.2400
2026-08-23T14:33:24Z,5,3.0000,3.3000
2026-08-23T14:55:14Z,5,3.0000,3.3000
2026-08-23T15:32:05Z,4,15.0000,14.7300
2026-08-23T15:52:40Z,4,15.0000,14.7300
2026-08-23T16:36:31Z,4,14.0000,13.6800
2026-08-23T16:58:00Z,4,14.0000,13.6800
2026-08-23T17:29:33Z,4,19.0000,19.1500
2026-08-23T17:51:25Z,4,19.0000,19.1500
2026-08-23T18:42:58Z,3,23.0000,22.5700
2026-08-23T19:29:30Z,3,25.0000,25.0400
2026-08-23T19:49:53Z,3,25.0000,25.0400
2026-08-23T20:34:09Z,3,33.0000,32.5700
2026-08-23T20:54:49Z,3,33.0000,32.5700
2026-08-23T21:30:22Z,2,35.0000,35.4700
2026-08-23T21:51:07Z,2,35.0000,35.4700
2026-08-23T22:32:15Z,1,32.0000,32.4300
2026-08-23T22:52:59Z,1,32.0000,32.4300
2026-08-23T23:30:23Z,2,31.0000,30.8100
2026-08-23T23:51:32Z,2,31.0000,30.8100
2026-08-24T01:52:44Z,3,32.0000,31.5600
2026-08-24T03:12:33Z,2,37.0000,36.9600
2026-08-24T04:24:11Z,3,28.0000,28.4800
2026-08-24T05:21:40Z,4,19.0000,18.5100
2026-08-24T06:05:50Z,5,12.0000,12.0300
2026-08-24T07:16:23Z,4,11.0000,11.3900
2026-08-24T08:22:27Z,5,7.0000,7.4100
2026-08-24T09:26:39Z,5,5.0000,4.8100
2026-08-24T10:19:28Z,5,3.0000,3.1300
2026-08-24T11:04:04Z,5,2.0000,2.0300
2026-08-24T11:38:45Z,5,2.0000,2.0300
2026-08-24T13:07:29Z,5,1.0000,0.8600
2026-08-24T14:20:44Z,5,1.0000,0.5600
2026-08-24T15:19:20Z,5,8.0000,8.1300
2026-08-24T16:06:12Z,5,5.0000,5.2800
2026-08-24T16:52:26Z,5,5.0000,5.2800
2026-08-24T17:39:06Z,5,3.0000,3.4300
2026-08-24T18:53:23Z,4,16.0000,16.0500
2026-08-24T19:37:13Z,3,26.0000,25.5700
2026-08-24T20:41:44Z,3,26.0000,25.9200
2026-08-24T21:38:03Z,2,33.0000,32.6800
2026-08-24T22:37:20Z,3,31.0000,30.8300
2026-08-24T23:30:06Z,3,24.0000,24.4800
2026-08-24T23:52:24Z,3,24.0000,24.4800
2026-08-25T01:46:59Z,2,31.0000,30.5600
2026-08-25T03:08:14Z,4,20.0000,19.6900
2026-08-25T04:19:04Z,3,24.0000,23.5400
2026-08-25T05:07:44Z,4,15.0000,15.3000
2026-08-25T06:00:42Z,5,10.0000,9.9400
2026-08-25T07:02:43Z,5,6.0000,6.4600
2026-08-25T07:52:56Z,5,6.0000,6.4600
2026-08-25T08:53:53Z,5,4.0000,4.2000
2026-08-25T09:46:31Z,5,3.0000,2.7300
2026-08-25T10:43:42Z,5,2.0000,1.7800
2026-08-25T11:36:44Z,5,1.0000,1.1500
2026-08-25T11:59:58Z,5,1.0000,1.1500
2026-08-25T13:05:35Z,5,0.0000,0.4900
2026-08-25T13:59:31Z,5,0.0000,0.4900
2026-08-25T14:56:49Z,4,16.0000,15.8100
2026-08-25T15:53:41Z,3,21.0000,21.2900
2026-08-25T16:49:40Z,4,14.0000,13.8400
2026-08-25T17:39:35Z,3,23.0000,23.4300
2026-08-25T18:52:17Z,2,32.0000,31.7700
2026-08-25T19:39:38Z,1,36.0000,36.2900
2026-08-25T20:39:00Z,2,24.0000,23.5900
2026-08-25T21:37:20Z,3,20.0000,20.2500
2026-08-25T22:38:01Z,3,24.0000,24.4100
2026-08-25T23:33:07Z,4,16.0000,15.8600
2026-08-25T23:54:31Z,4,16.0000,15.8600
2026-08-26T01:52:19Z,4,14.0000,13.7400
2026-08-26T03:14:12Z,3,30.0000,30.2100
2026-08-26T04:19:29Z,4,20.0000,19.6400
2026-08-26T05:07:50Z,5,13.0000,12.7700
2026-08-26T06:02:34Z,4,17.0000,17.2200
2026-08-26T07:03:15Z,5,11.0000,11.1900
2026-08-26T07:54:33Z,5,11.0000,11.1900
2026-08-26T08:56:00Z,5,7.0000,7.2700
2026-08-26T09:52:07Z,5,5.0000,4.7300
2026-08-26T10:46:39Z,5,3.0000,3.0700
2026-08-26T11:38:14Z,5,2.0000,2.0000
2026-08-26T13:10:23Z,5,1.0000,0.8400
2026-08-26T14:21:26Z,5,1.0000,0.5500
2026-08-26T16:03:04Z,5,0.0000,0.2300
2026-08-26T16:54:51Z,5,0.0000,0.2300
2026-08-26T19:14:08Z,4,24.0000,24.4400
2026-08-26T22:27:26Z,4,25.0000,24.9200
2026-08-27T03:31:36Z,3,27.0000,26.7400
2026-08-27T14:35:00Z,5,0.0000,0.2900
2026-08-27T23:57:16Z,4,17.0000,16.7800
2026-08-28T11:14:48Z,5,1.0000,1.0200
2026-08-28T21:29:43Z,3,32.0000,32.2000
2026-08-29T03:20:18Z,3,26.0000,25.7900
2026-08-29T10:23:40Z,5,1.0000,1.2600
2026-08-29T15:16:49Z,5,10.0000,10.2700
2026-08-29T18:48:29Z,3,22.0000,21.6800
2026-08-29T21:40:42Z,3,28.0000,28.0400
2026-08-30T00:10:30Z,3,26.0000,26.1900
2026-08-30T05:44:19Z,4,15.0000,15.2300
2026-08-30T11:49:03Z,5,5.0000,4.8900
2026-08-30T16:35:41Z,5,8.0000,7.5800
2026-08-30T19:25:15Z,4,20.0000,20.4400
2026-08-30T22:01:41Z,3,17.0000,16.9200
2026-08-31T00:27:04Z,3,24.0000,24.1700
2026-08-31T06:01:42Z,5,8.0000,8.0600
2026-08-31T13:33:19Z,5,1.0000,1.0700
2026-08-31T19:36:44Z,4,17.0000,16.8800
2026-08-31T23:21:33Z,3,27.0000,27.0400
2026-09-01T02:00:51Z,3,21.0000,20.6500
2026-09-01T07:42:45Z,5,3.0000,3.2600
2026-09-01T13:27:02Z,5,0.0000,0.2500
2026-09-01T17:25:31Z,5,9.0000,9.4100
2026-09-01T20:07:40Z,4,13.0000,12.5600
2026-09-01T22:47:27Z,5,13.0000,12.5700
2026-09-02T00:58:51Z,3,26.0000,25.6600
2026-09-02T05:41:52Z,5,12.0000,11.7300
2026-09-02T11:09:46Z,5,1.0000,0.8800
2026-09-02T15:15:31Z,5,0.0000,0.1600
2026-09-02T18:55:36Z,4,19.0000,18.7100
2026-09-02T21:45:07Z,3,27.0000,26.7700
2026-09-03T00:05:49Z,3,20.0000,20.1200
2026-09-03T04:17:05Z,5,10.0000,9.5700
2026-09-03T09:08:26Z,5,4.0000,3.9000
2026-09-03T13:49:40Z,5,1.0000,0.7000
2026-09-03T17:48:03Z,3,25.0000,24.6000
2026-09-03T20:56:04Z,5,10.0000,10.1900
2026-09-03T23:13:26Z,5,8.0000,7.5100
2026-09-04T01:18:24Z,3,22.0000,22.1000
2026-09-04T05:46:33Z,4,16.0000,16.1500
2026-09-04T06:07:51Z,5,10.0000,10.4900
2026-09-04T06:30:04Z,5,10.0000,10.4900
2026-09-04T06:37:51Z,5,10.0000,10.4900
2026-09-04T07:07:51Z,5,7.0000,6.8200
2026-09-04T07:37:51Z,5,7.0000,6.8200
2026-09-04T08:07:51Z,5,4.0000,4.4300
2026-09-04T08:37:51Z,5,4.0000,4.4300
2026-09-04T09:07:51Z,5,3.0000,2.8800
2026-09-04T09:37:51Z,5,3.0000,2.8800
2026-09-04T10:07:51Z,5,2.0000,1.8700
2026-09-04T10:37:51Z,5,2.0000,1.8700
2026-09-04T11:07:51Z,5,1.0000,1.2200
2026-09-04T11:37:51Z,5,1.0000,1.2200
2026-09-04T11:41:16Z,5,1.0000,1.2200
2026-09-04T12:07:51Z,5,1.0000,0.7900
2026-09-04T12:37:52Z,5,1.0000,0.7900
2026-09-04T13:07:51Z,5,1.0000,0.5100
2026-09-04T13:37:51Z,5,1.0000,0.5100
2026-09-04T14:07:51Z,5,0.0000,0.3300
2026-09-04T14:37:51Z,5,0.0000,0.3300
2026-09-04T15:07:51Z,5,0.0000,0.2200
2026-09-04T15:37:51Z,5,13.0000,12.6900
2026-09-04T16:07:51Z,5,8.0000,8.2500
2026-09-04T16:15:31Z,5,8.0000,8.2500
2026-09-04T16:37:51Z,5,8.0000,8.2500
2026-09-04T17:07:51Z,5,5.0000,5.3600
2026-09-04T17:37:51Z,5,5.0000,5.3600
2026-09-04T18:07:51Z,5,3.0000,3.4900
2026-09-04T18:37:51Z,4,15.0000,15.2500
2026-09-04T19:05:49Z,4,10.0000,9.9100
2026-09-04T19:07:51Z,4,10.0000,9.9100
2026-09-04T19:37:51Z,4,12.0000,12.4400
2026-09-04T20:07:51Z,4,8.0000,8.0900
2026-09-04T20:37:51Z,4,8.0000,8.0900
2026-09-04T21:07:51Z,5,5.0000,5.2600
2026-09-04T21:24:05Z,5,5.0000,5.2600
2026-09-04T21:37:51Z,5,5.0000,5.2600
2026-09-04T22:07:51Z,5,3.0000,3.4200
2026-09-04T22:37:51Z,5,11.0000,11.2800
2026-09-04T23:07:51Z,5,7.0000,7.3300
2026-09-04T23:14:29Z,4,20.0000,20.0000
